{"Fg": [7.858795468326448, -11.360547297559712, -5.525707578106763], "r": [0.028211531013155773, 0.029190834086877237, -0.12373735063846719], "Foff": [-5.747928752435382, -8.843918514919096, -10.594806384958432], "Moff": [-0.6548531306943164, 1.2706603755476444, 0.2558466479868613]}