{"Fg": [0.002122896557629872, 0.001294107849014292, -15.577258633847899], "r": [-6.382660447622028e-06, 6.160049139037303e-06, 0.10393441782456253], "Foff": [0.0010706372599624814, 0.0037641898113287553, 0.00257988022343425], "Moff": [-0.0005302486815317309, 0.0001952094215890987, -4.226607032465496e-06]}